X,Y,address,adm1_boundary,adm2_boundary
79.9154164,24.8912501,"Rajnagar, Chhatarpur, Madhya Pradesh, IND",Madhya Pradesh,Chhatarpur
76.4487497,23.8912501,"465689, IND",Madhya Pradesh,Rajgarh
76.582083,24.0412501,"465679, IND",Madhya Pradesh,Rajgarh
76.3654164,24.0162501,"465691, IND",Madhya Pradesh,Rajgarh
76.4237497,32.1079167,"176047, IND",Himāchal Pradesh,Kangra
72.3820831,22.9829168,"382110, IND",Gujarāt,Ahmadabad
72.5737497,23.0412501,"380004, IND",Gujarāt,Ahmadabad
72.5237497,22.9579168,"382405, IND",Gujarāt,Ahmadabad
72.5404164,22.9662501,"382405, IND",Gujarāt,Ahmadabad
72.5320831,23.0745834,"380061, IND",Gujarāt,Ahmadabad
72.6154164,23.0079168,"Sukhramnagar Cross Road, Amraiwadi, Ahmedabad, Gujarat, 380026, IND",Gujarāt,Ahmadabad
72.5237497,23.0412501,"380054, IND",Gujarāt,Ahmadabad
72.5154164,22.9579168,"382405, IND",Gujarāt,Ahmadabad
72.5654164,23.1162501,"382424, IND",Gujarāt,Ahmadabad
72.6070831,22.9662501,"Canal Road, Isanpur, Ahmedabad, Gujarat, 382443, IND",Gujarāt,Ahmadabad
72.5487497,23.1079168,"New S G Road, Gota, Ahmedabad, Gujarat, 382481, IND",Gujarāt,Ahmadabad
72.5987497,23.0079168,"Kankaria Lake Walkway, Kankaria, Ahmedabad, Gujarat, 380008, IND",Gujarāt,Ahmadabad
72.4320831,22.9079168,"382213, IND",Gujarāt,Ahmadabad
72.5320831,22.9912501,"380055, IND",Gujarāt,Ahmadabad
72.4987497,22.9912501,"380051, IND",Gujarāt,Ahmadabad
72.5487497,22.9745834,"Pirana Industrial Complex, Gyaspur, Ahmedabad, Gujarat, 382405, IND",Gujarāt,Ahmadabad
72.4487497,22.9495834,"Kolat Navapura Road, Navapura, Sanand, Ahmedabad, Gujarat, 382210, IND",Gujarāt,Ahmadabad
72.5070831,23.0079168,"A-301 Prahlad Nagar Cross Road, Prahlad Nagar, Ahmedabad, Gujarat, 380015, IND",Gujarāt,Ahmadabad
72.6154164,22.9912501,"Rudra Apartment, Khokhra Mehmadabad, Ahmedabad, Gujarat, 380008, IND",Gujarāt,Ahmadabad
72.4987497,22.9745834,"382210, IND",Gujarāt,Ahmadabad
72.5904164,23.0079168,"Navyug Colony Marg, Behrampura, Ahmedabad, Gujarat, 380022, IND",Gujarāt,Ahmadabad
72.4570831,22.7495834,"382225, IND",Gujarāt,Ahmadabad
72.4487497,22.9162501,"382213, IND",Gujarāt,Ahmadabad
72.5404164,23.0829168,"Shiv Bunglow Road, Chanakyapuri, Ahmedabad, Gujarat, 380061, IND",Gujarāt,Ahmadabad
72.6237497,22.9662501,"Vatva Village Road, Vatva, Ahmedabad, Gujarat, 382440, IND",Gujarāt,Ahmadabad
72.3987497,22.8662501,"Road No 1, Bavla, Ahmedabad, Gujarat, 382213, IND",Gujarāt,Ahmadabad
72.4904164,23.0412501,"Sindhu Bhavan Marg, Bodakdev, Ahmedabad, Gujarat, 380054, IND",Gujarāt,Ahmadabad
72.5320831,22.9662501,"382405, IND",Gujarāt,Ahmadabad
72.2654164,23.0162501,"382110, IND",Gujarāt,Ahmadabad
72.5154164,22.9495834,"382210, IND",Gujarāt,Ahmadabad
72.1820831,23.0912501,"382150, IND",Gujarāt,Ahmadabad
72.6070831,23.0245834,"104-42 Anil Starch Road, Saraspur, Ahmedabad, Gujarat, 380018, IND",Gujarāt,Ahmadabad
72.6237497,23.0245834,"Access Park, Rakhial Road, Rakhial, Ahmedabad, Gujarat, 380023, IND",Gujarāt,Ahmadabad
72.4654164,23.0245834,"Garden Residency 2, South Bopal, Ahmedabad, Gujarat, 380058, IND",Gujarāt,Ahmadabad
72.5987497,23.0829168,"Sakher Road, Sabarmati, Ahmedabad, Gujarat, 380005, IND",Gujarāt,Ahmadabad
72.6237497,22.9995834,"Murugan Pan Parlour, Khokhra Mehmadabad, Ahmedabad, Gujarat, 380008, IND",Gujarāt,Ahmadabad
72.5904164,22.9662501,"382405, IND",Gujarāt,Ahmadabad
72.6070831,23.1079168,"Axis Bank, Motera, Ahmedabad, Gujarat, 380005, IND",Gujarāt,Ahmadabad
72.5320831,23.0329168,"380015, IND",Gujarāt,Ahmadabad
71.6237497,22.1912501,"364710, IND",Gujarāt,Batod
73.232083,23.5412501,"383320, IND",Gujarāt,Aravali
72.1904164,24.2662501,"Chamunda Kirana Store, Deesa, Banaskantha, Gujarat, 385535, IND",Gujarāt,Banas Kantha
72.1654164,24.2495834,"Deesa, Banaskantha, Gujarat, IND",Gujarāt,Banas Kantha
72.2737497,24.1245834,"385515, IND",Gujarāt,Banas Kantha
72.3820831,24.0912501,"385520, IND",Gujarāt,Banas Kantha
72.3654164,24.0245834,"385210, IND",Gujarāt,Banas Kantha
72.3737497,23.9912501,"385210, IND",Gujarāt,Banas Kantha
71.7987497,22.5745834,"Service Road, Limbdi, Surendranagar, Gujarat, 363421, IND",Gujarāt,Surendranagar
71.7570831,22.3745834,"363415, IND",Gujarāt,Surendranagar
72.6487497,22.3245834,"388630, IND",Gujarāt,Anand
72.6487497,22.3329168,"Khambhat, Anand, Gujarat, IND",Gujarāt,Anand
72.6237497,22.3245834,"Khambhat, Anand, Gujarat, IND",Gujarāt,Anand
72.6154164,22.2995834,"388620, IND",Gujarāt,Anand
72.6487497,22.4995834,"388180, IND",Gujarāt,Anand
72.6237497,22.2995834,"388620, IND",Gujarāt,Anand
73.9654164,23.0579168,"Sanjeli, Jhalod, Dahod, Gujarat, IND",Gujarāt,Dohad
70.7154164,21.9495834,"360311, IND",Gujarāt,Rajkot
70.7737497,21.9745834,"Gondal, Rajkot, Gujarat, IND",Gujarāt,Rajkot
71.0987497,22.1829168,"360025, IND",Gujarāt,Rajkot
70.7904164,21.9745834,"Service Road, Shahjanand Nagar, Gondal, Rajkot, Gujarat, 360311, IND",Gujarāt,Rajkot
70.8070831,21.9579168,"Ghoghawahar Road, Bhagavatpara, Gondal, Rajkot, Gujarat, 360311, IND",Gujarāt,Rajkot
71.2154164,22.0495834,"360050, IND",Gujarāt,Rajkot
70.8070831,21.9412501,"360311, IND",Gujarāt,Rajkot
70.7654164,21.9579168,"Gondal, Rajkot, Gujarat, IND",Gujarāt,Rajkot
70.8654164,22.0412501,"360030, IND",Gujarāt,Rajkot
70.7820831,22.0495834,"360311, IND",Gujarāt,Rajkot
70.6570831,21.9579168,"SH-1, Gondal Sub-District, Rajkot, Gujarat, 360070, IND",Gujarāt,Rajkot
71.1904164,22.1412501,"360050, IND",Gujarāt,Rajkot
72.4070831,23.3662501,"382705, IND",Gujarāt,Mahesana
72.3737497,23.4912501,"384435, IND",Gujarāt,Mahesana
72.4070831,23.3245834,"382715, IND",Gujarāt,Mahesana
72.3654164,23.5745834,"Mehsana, Gujarat, IND",Gujarāt,Mahesana
72.3654164,23.5912501,"Mehsana, Gujarat, IND",Gujarāt,Mahesana
72.4404164,23.4412501,"382732, IND",Gujarāt,Mahesana
72.4654164,23.4829168,"382710, IND",Gujarāt,Mahesana
72.4487497,23.5329168,"384001, IND",Gujarāt,Mahesana
72.0487497,23.5079168,"Bechar Alias Becharaji, Becharaji, Mehsana, Gujarat, IND",Gujarāt,Mahesana
72.3320831,23.8329168,"384170, IND",Gujarāt,Mahesana
72.3737497,23.5995834,"384002, IND",Gujarāt,Mahesana
72.3154164,23.2995834,"Detroj Road, Kadi, Mehsana, Gujarat, 382715, IND",Gujarāt,Mahesana
72.2737497,23.4829168,"384421, IND",Gujarāt,Mahesana
72.782083,24.0162501,"384330, IND",Gujarāt,Mahesana
72.4320831,23.4495834,"Ambaliyasan, Mehsana Sub-District, Mehsana, Gujarat, IND",Gujarāt,Mahesana
72.0404164,23.5079168,"Bechar Alias Becharaji, Becharaji, Mehsana, Gujarat, IND",Gujarāt,Mahesana
72.4154164,23.3662501,"382705, IND",Gujarāt,Mahesana
72.3570831,23.8829168,"384151, IND",Gujarāt,Patan
72.3820831,23.9162501,"Sidhpur, Patan, Gujarat, IND",Gujarāt,Patan
72.1154164,23.7162501,"384220, IND",Gujarāt,Patan
72.3570831,23.8995834,"384151, IND",Gujarāt,Patan
72.3654164,23.8995834,"384151, IND",Gujarāt,Patan
72.1070831,23.7245834,"384220, IND",Gujarāt,Patan
72.6320831,22.1995834,"392170, IND",Gujarāt,Bharuch
70.0404164,22.4829168,"361002, IND",Gujarāt,Jamnagar
70.0654164,22.4079168,"361001, IND",Gujarāt,Jamnagar
70.0237497,22.4579168,"Jamnagar Airport, Govardhanpur, Jamnagar, Gujarat, 361003, IND",Gujarāt,Jamnagar
70.0404164,22.4245834,"Jamnagar, Gujarat, IND",Gujarāt,Jamnagar
69.8904164,22.4162501,"361141, IND",Gujarāt,Jamnagar
72.8904164,20.2745834,"396105, IND",Gujarāt,Valsad
72.4570831,23.1579168,"382721, IND",Gujarāt,Gandhinagar
72.4487497,23.1579168,"382721, IND",Gujarāt,Gandhinagar
72.4654164,23.1245834,"382721, IND",Gujarāt,Gandhinagar
73.6237497,22.7495834,"389001, IND",Gujarāt,Panch Mahals
73.532083,22.7329168,"389340, IND",Gujarāt,Panch Mahals
73.557083,22.6912501,"389340, IND",Gujarāt,Panch Mahals
80.4737497,15.8995835,"523155, IND",Andhra Pradesh,Prakasam
80.0404164,15.5079168,"523002, IND",Andhra Pradesh,Prakasam
80.3904164,15.8579168,"523166, IND",Andhra Pradesh,Prakasam
80.4154164,15.8745835,"523155, IND",Andhra Pradesh,Prakasam
80.2987497,15.7662501,"523184, IND",Andhra Pradesh,Prakasam
80.0404164,15.5162501,"4th Cross Road, Ongole, Prakasam, Andhra Pradesh, 523002, IND",Andhra Pradesh,Prakasam
80.2904164,15.7579168,"523184, IND",Andhra Pradesh,Prakasam
80.1654164,15.6662501,"NH-216, Naguluppala Padu, Prakasam, Andhra Pradesh, 523186, IND",Andhra Pradesh,Prakasam
80.3737497,15.8495835,"523155, IND",Andhra Pradesh,Prakasam
80.457083,15.8995835,"523155, IND",Andhra Pradesh,Prakasam
81.2737497,16.3829168,"Bantumilli, Krishna, Andhra Pradesh, IND",Andhra Pradesh,Krishna
80.7154164,16.5162501,"521104, IND",Andhra Pradesh,Krishna
81.132083,16.1912501,"521001, IND",Andhra Pradesh,Krishna
81.157083,16.5162501,"521326, IND",Andhra Pradesh,Krishna
80.7237497,16.5495835,"Mustabad Road, Gannavaram, Krishna, Andhra Pradesh, 521107, IND",Andhra Pradesh,Krishna
81.1487497,16.2579168,"MPPS 11ward Kapula Veedi, Pedana, Machilipatnam, Krishna, Andhra Pradesh, 521366, IND",Andhra Pradesh,Krishna
81.157083,16.2079168,"Jewellery Park, Potepalli, Machilipatnam, Krishna, Andhra Pradesh, 521002, IND",Andhra Pradesh,Krishna
81.057083,16.3412501,"SH-46, Gudlavalleru, Krishna, Andhra Pradesh, 521331, IND",Andhra Pradesh,Krishna
81.257083,16.3745835,"Bantumilli, Krishna, Andhra Pradesh, IND",Andhra Pradesh,Krishna
81.0237497,16.0079168,"Koduru, Krishna, Andhra Pradesh, IND",Andhra Pradesh,Krishna
80.9154164,16.0079168,"521121, IND",Andhra Pradesh,Krishna
80.9237497,16.1162501,"521126, IND",Andhra Pradesh,Krishna
81.0404164,16.1662501,"521162, IND",Andhra Pradesh,Krishna
81.1487497,16.1745835,"521001, IND",Andhra Pradesh,Krishna
82.1987497,16.7245835,"533464, IND",Puducherry,East Godavari
82.282083,16.7412501,"533463, IND",Andhra Pradesh,East Godavari
82.2737497,17.0079168,"533005, IND",Andhra Pradesh,East Godavari
82.0987497,17.0412501,"Peddapuram, Kakinada, Andhra Pradesh, IND",Andhra Pradesh,East Godavari
82.157083,17.0745835,"Peddapuram, Kakinada, Andhra Pradesh, IND",Andhra Pradesh,East Godavari
82.082083,16.9412501,"533344, IND",Andhra Pradesh,East Godavari
81.8904163,16.7162501,"533274, IND",Andhra Pradesh,East Godavari
82.0987497,17.0495835,"Peddapuram, Kakinada, Andhra Pradesh, IND",Andhra Pradesh,East Godavari
82.2404163,16.9579168,"Anand Bharathi Road, Ramakrishna Rao Peta, Kakinada, Andhra Pradesh, 533004, IND",Andhra Pradesh,East Godavari
82.107083,16.8662501,"533260, IND",Andhra Pradesh,East Godavari
82.2404163,16.9412501,"Commercial Road, Suryanarayana Puram, Kakinada, Andhra Pradesh, 533001, IND",Andhra Pradesh,East Godavari
81.8404163,16.7579168,"Golden Quadrilateral, Ravulapalem, Atreyapuram, Kona Seema, Andhra Pradesh, 533238, IND",Andhra Pradesh,East Godavari
82.007083,16.5745835,"533201, IND",Andhra Pradesh,East Godavari
82.0154163,16.5995835,"533577, IND",Andhra Pradesh,East Godavari
82.2487497,16.9995835,"533005, IND",Andhra Pradesh,East Godavari
82.1654163,17.0662501,"533440, IND",Andhra Pradesh,East Godavari
82.1654163,16.8495835,"533468, IND",Andhra Pradesh,East Godavari
82.257083,16.9579168,"533005, IND",Andhra Pradesh,East Godavari
81.857083,16.7495835,"533238, IND",Andhra Pradesh,East Godavari
82.3404163,17.0995835,"533447, IND",Andhra Pradesh,East Godavari
81.9404163,16.7662501,"533307, IND",Andhra Pradesh,East Godavari
82.0404163,16.8495835,"Ramachandrapuram Bypass, Ramachandrapuram, Kona Seema, Andhra Pradesh, 533256, IND",Andhra Pradesh,East Godavari
82.0154163,16.9162501,"533345, IND",Andhra Pradesh,East Godavari
82.057083,16.7829168,"533262, IND",Andhra Pradesh,East Godavari
82.3904163,17.2829168,"Sankhavaram, Kakinada, Andhra Pradesh, IND",Andhra Pradesh,East Godavari
82.1654163,17.0579168,"18-1-59 SH-175, Samalkota, Kakinada, Andhra Pradesh, 533440, IND",Andhra Pradesh,East Godavari
81.9654163,16.8579168,"533264, IND",Andhra Pradesh,East Godavari
82.2237497,16.9162501,"533016, IND",Andhra Pradesh,East Godavari
82.2737497,16.9912501,"533005, IND",Andhra Pradesh,East Godavari
82.1737497,16.7912501,"533468, IND",Andhra Pradesh,East Godavari
81.9487497,17.1412501,"533297, IND",Andhra Pradesh,East Godavari
81.9654163,16.5995835,"533221, IND",Andhra Pradesh,East Godavari
82.407083,17.2745835,"Sankhavaram, Kakinada, Andhra Pradesh, IND",Andhra Pradesh,East Godavari
82.2654163,16.9745835,"533005, IND",Andhra Pradesh,East Godavari
82.182083,17.1995835,"Post Office-Kirlampudi, Kirlampudi, Kakinada, Andhra Pradesh, 533431, IND",Andhra Pradesh,East Godavari
82.1654163,17.0745835,"Peddapuram, Kakinada, Andhra Pradesh, IND",Andhra Pradesh,East Godavari
81.982083,16.8495835,"533261, IND",Andhra Pradesh,East Godavari
82.3487497,17.4079168,"Rowthulapudi, Kakinada, Andhra Pradesh, IND",Andhra Pradesh,East Godavari
82.057083,16.7745835,"533262, IND",Andhra Pradesh,East Godavari
82.032083,16.8412501,"533255, IND",Andhra Pradesh,East Godavari
82.5904163,17.6745835,"Golugonda, Anakapalli, Andhra Pradesh, IND",Andhra Pradesh,Visakhapatnam
82.8154163,17.9079168,"531027, IND",Andhra Pradesh,Visakhapatnam
82.932083,17.8329168,"531036, IND",Andhra Pradesh,Visakhapatnam
79.9987497,14.9079168,"Kavali, Nellore, Andhra Pradesh, IND",Andhra Pradesh,Sri Potti Sriramulu Nellore
80.0237497,14.3912501,"524346, IND",Andhra Pradesh,Sri Potti Sriramulu Nellore
79.9904164,14.8995835,"Kavali, Nellore, Andhra Pradesh, IND",Andhra Pradesh,Sri Potti Sriramulu Nellore
80.1154164,14.3245835,"524344, IND",Andhra Pradesh,Sri Potti Sriramulu Nellore
79.9987497,14.4829168,"524137, IND",Andhra Pradesh,Sri Potti Sriramulu Nellore
83.5987497,18.6829168,"Veeraghattam, Manyam, Andhra Pradesh, IND",Andhra Pradesh,Srikakulam
83.832083,18.7912501,"Kothuru, Srikakulam, Andhra Pradesh, IND",Andhra Pradesh,Srikakulam
83.8487497,18.8079168,"Bhamini, Manyam, Andhra Pradesh, IND",Andhra Pradesh,Srikakulam
83.8404163,18.7995835,"Bhamini, Manyam, Andhra Pradesh, IND",Andhra Pradesh,Srikakulam
83.857083,18.7995835,"Bhamini, Manyam, Andhra Pradesh, IND",Andhra Pradesh,Srikakulam
83.8487497,18.8162501,"Bhamini, Manyam, Andhra Pradesh, IND",Andhra Pradesh,Srikakulam
80.557083,16.0579168,"522124, IND",Andhra Pradesh,Guntur
80.5237497,16.1995835,"Ration Shop No 5 Chebrolu, Chebrolu, Guntur, Andhra Pradesh, 522212, IND",Andhra Pradesh,Guntur
80.6737497,16.0495835,"522309, IND",Andhra Pradesh,Guntur
80.432083,16.3079168,"522007, IND",Andhra Pradesh,Guntur
80.432083,16.3245835,"522007, IND",Andhra Pradesh,Guntur
80.682083,15.9162501,"522314, IND",Andhra Pradesh,Guntur
80.682083,16.0495835,"NH-216, Cherukupalle Ho Arumbaka, Bapatla, Andhra Pradesh, 522309, IND",Andhra Pradesh,Guntur
80.4654164,16.0579168,"522124, IND",Andhra Pradesh,Guntur
80.532083,15.9412501,"Karlapalem, Bapatla, Andhra Pradesh, IND",Andhra Pradesh,Guntur
80.6737497,15.9162501,"522314, IND",Andhra Pradesh,Guntur
80.5154164,16.2245835,"Bapatiala Road, Chebrolu, Guntur, Andhra Pradesh, 522212, IND",Andhra Pradesh,Guntur
83.132083,18.1079168,"Srungavarapukota, Vizianagaram, Andhra Pradesh, IND",Andhra Pradesh,Vizianagaram
83.507083,18.5829168,"Balijipeta, Vizianagaram, Andhra Pradesh, IND",Andhra Pradesh,Vizianagaram
83.507083,18.5912501,"Balijipeta, Vizianagaram, Andhra Pradesh, IND",Andhra Pradesh,Vizianagaram
83.1487497,18.1079168,"Srungavarapukota, Vizianagaram, Andhra Pradesh, IND",Andhra Pradesh,Vizianagaram
78.0404164,14.8745835,"Tadpatri (R), Tadpatri, Anantapur, Andhra Pradesh, IND",Andhra Pradesh,Anantapur
81.7487497,16.6579168,"534324, IND",Andhra Pradesh,West Godavari
81.5487497,16.5245835,"534207, IND",Andhra Pradesh,West Godavari
81.4987497,16.5329168,"534204, IND",Andhra Pradesh,West Godavari
81.607083,16.4245835,"534281, IND",Andhra Pradesh,West Godavari
81.7404163,16.6162501,"534122, IND",Andhra Pradesh,West Godavari
81.7404163,16.6745835,"534320, IND",Andhra Pradesh,West Godavari
81.807083,16.5912501,"534269, IND",Andhra Pradesh,West Godavari
81.632083,16.6079168,"534238, IND",Andhra Pradesh,West Godavari
81.532083,16.5662501,"534201, IND",Andhra Pradesh,West Godavari
81.2654163,16.8162501,"534425, IND",Andhra Pradesh,West Godavari
81.5654163,16.5495835,"534244, IND",Andhra Pradesh,West Godavari
81.3654163,16.8079168,"534416, IND",Andhra Pradesh,West Godavari
81.5404163,16.5495835,"534201, IND",Andhra Pradesh,West Godavari
81.5654163,16.5329168,"534243, IND",Andhra Pradesh,West Godavari
81.832083,16.5662501,"534269, IND",Andhra Pradesh,West Godavari
81.7237497,16.5245835,"Vijaylakshmi Lari Transport, 3rd Line, Palacole, Palakollu, West Godavari, Andhra Pradesh, 534260, IND",Andhra Pradesh,West Godavari
81.732083,16.5412501,"534265, IND",Andhra Pradesh,West Godavari
81.307083,17.1162501,"534312, IND",Andhra Pradesh,West Godavari
81.232083,16.7912501,"534425, IND",Andhra Pradesh,West Godavari
81.557083,16.7162501,"534197, IND",Andhra Pradesh,West Godavari
81.5154163,16.5329168,"534202, IND",Andhra Pradesh,West Godavari
81.5404163,16.7079168,"534197, IND",Andhra Pradesh,West Godavari
81.707083,16.4662501,"NH-216, Narasapuram, West Godavari, Andhra Pradesh, 534275, IND",Andhra Pradesh,West Godavari
81.6654163,16.4162501,"534275, IND",Andhra Pradesh,West Godavari
81.7404163,16.6662501,"534320, IND",Andhra Pradesh,West Godavari
81.3737497,16.5912501,"Akividu, West Godavari, Andhra Pradesh, IND",Andhra Pradesh,West Godavari
79.1154164,14.2662501,"516150, IND",Andhra Pradesh,Kadapa(YSR)
79.0237497,14.3912501,"516213, IND",Andhra Pradesh,Kadapa(YSR)
86.207083,22.8162501,"Baju Motors, Swarn Rekha Link Road, Sakchi, Jamshedpur, Purbi Singhbhum, Jharkhand, 831001, IND",Jhārkhand,Purbi Singhbhum
86.2404163,22.8245834,"Baliguma Road, Mango, Jamshedpur, Purbi Singhbhum, Jharkhand, 831018, IND",Jhārkhand,Purbi Singhbhum
86.207083,22.8329168,"Road No 7, Mango, Jamshedpur, Purbi Singhbhum, Jharkhand, 832110, IND",Jhārkhand,Purbi Singhbhum
86.2154163,22.8579168,"831020, IND",Jhārkhand,Purbi Singhbhum
86.7404163,23.7412501,"828204, IND",Jhārkhand,Dhanbad
86.7487497,23.7412501,"828204, IND",Jhārkhand,Dhanbad
86.7487497,23.7662501,"828203, IND",Jhārkhand,Dhanbad
87.7737497,24.4579168,"816106, IND",Jhārkhand,Pakur
86.7404163,26.0329168,"Gamharia, Madhepura, Bihar, IND",Bihār,Madhepura
86.732083,26.0245834,"Gamharia, Madhepura, Bihar, IND",Bihār,Madhepura
86.7987497,25.9912501,"Singheshwar, Madhepura, Bihar, IND",Bihār,Madhepura
86.7904163,25.9662501,"Singheshwar, Madhepura, Bihar, IND",Bihār,Madhepura
86.782083,25.9829168,"Singheshwar, Madhepura, Bihar, IND",Bihār,Madhepura
86.7404163,26.0162501,"Gamharia, Madhepura, Bihar, IND",Bihār,Madhepura
88.132083,26.4329168,"855116, IND",Bihār,Kishanganj
86.5987497,24.9162501,"Belhar, Banka, Bihar, IND",Bihār,Banka
86.6487497,25.0162501,"813212, IND",Bihār,Banka
86.5987497,24.9245834,"Belhar, Banka, Bihar, IND",Bihār,Banka
86.657083,25.0162501,"813212, IND",Bihār,Banka
87.507083,26.1579168,"854311, IND",Bihār,Araria
87.457083,26.1329168,"SH-76, Araria, Bihar, 854312, IND",Bihār,Araria
87.2154163,26.3745834,"854316, IND",Bihār,Araria
85.6904163,26.1329168,"847107, IND",Bihār,Muzaffarpur
85.6904163,26.1662501,"847107, IND",Bihār,Muzaffarpur
86.5154163,25.7995834,"852106, IND",Bihār,Saharsa
86.5237497,25.7579168,"852106, IND",Bihār,Saharsa
86.682083,25.8412501,"SH-59, Saur Bazar, Saharsa, Bihar, 852221, IND",Bihār,Saharsa
86.5487497,25.7829168,"852106, IND",Bihār,Saharsa
86.5654163,25.7912501,"852106, IND",Bihār,Saharsa
85.3237497,26.6329168,"Purnahiya, Sheohar, Bihar, IND",Bihār,Sheohar
85.3154163,26.5995834,"Piprarhi, Sheohar, Bihar, IND",Bihār,Sheohar
85.3237497,26.6162501,"Purnahiya, Sheohar, Bihar, IND",Bihār,Sheohar
85.3237497,26.6245834,"Riga Road, Purnahiya, Sheohar, Bihar, 843334, IND",Bihār,Sheohar
86.682083,26.0662501,"852108, IND",Bihār,Supaul
86.6654163,26.0329168,"852108, IND",Bihār,Supaul
86.6737497,26.0329168,"852108, IND",Bihār,Supaul
85.4154163,25.4912501,"Khusrupur, Patna, Bihar, IND",Bihār,Patna
85.4404163,25.4829168,"803202, IND",Bihār,Patna
85.432083,25.4912501,"803202, IND",Bihār,Patna
85.6987497,25.8662501,"848130, IND",Bihār,Samastipur
85.6904163,25.8579168,"848130, IND",Bihār,Samastipur
85.757083,25.8662501,"SH-49, Samastipur, Bihar, 848101, IND",Bihār,Samastipur
86.6404163,25.0079168,"Sangrampur, Munger, Bihar, IND",Bihār,Munger
85.4154163,26.6245834,"Suppi, Sitamarhi, Bihar, IND",Bihār,Sitamarhi
85.3487497,26.6495834,"843315, IND",Bihār,Sitamarhi
85.4404163,26.6079168,"Riga, Sitamarhi, Bihar, IND",Bihār,Sitamarhi
85.3404163,26.6412501,"843315, IND",Bihār,Sitamarhi
85.932083,24.9495834,"811301, IND",Bihār,Jamui
85.957083,24.9412501,"811301, IND",Bihār,Jamui
87.2654163,25.5162501,"854101, IND",Bihār,Katihar
76.907083,28.9995834,"131022, IND",Haryāna,Sonipat
76.8987497,29.5079167,"132040, IND",Haryāna,Karnal
75.957083,29.0829167,"Hansi, Hisar, Haryana, IND",Haryāna,Hisar
73.8237497,15.5495835,"403501, IND",Goa,North Goa
73.807083,15.5412501,"403511, IND",Goa,North Goa
73.8154164,15.5995835,"Hutatma Vinayak Sapte Marg, Mapusa, Bardez, North Goa, Goa, 403507, IND",Goa,North Goa
73.882083,15.4995835,"NH-748, Raibandar, Tiswadi, North Goa, Goa, 403402, IND",Goa,North Goa
73.8237497,15.6162501,"Tivim Industrial Estate, Boca da Vaca Road, Colvale, Bardez, North Goa, Goa, 403526, IND",Goa,North Goa
73.8654164,15.4912501,"Chimbel, Tiswadi, North Goa, Goa, IND",Goa,North Goa
73.807083,15.5995835,"ST Xavier College Road, Mapusa, Bardez, North Goa, Goa, 403507, IND",Goa,North Goa
73.857083,15.4912501,"Village Panchayat Merces Road, Chimbel, Tiswadi, North Goa, Goa, 403006, IND",Goa,North Goa
89.9987496,26.0495834,"783324, IND",Assam,Dhubri
90.157083,26.1912501,"Bagribari, Dhubri, Assam, IND",Assam,Dhubri
90.0904163,26.1162501,"Bagribari, Dhubri, Assam, IND",Assam,Dhubri
90.1654163,26.2245834,"Bilasipara, Dhubri, Assam, IND",Assam,Dhubri
90.0404163,26.0995834,"783339, IND",Assam,Dhubri
90.0904163,26.0912501,"Bagribari, Dhubri, Assam, IND",Assam,Dhubri
90.1654163,26.2995834,"Bilasipara, Dhubri, Assam, IND",Assam,Dhubri
90.082083,26.0912501,"Bagribari, Dhubri, Assam, IND",Assam,Dhubri
90.3154163,26.3079168,"783325, IND",Assam,Dhubri
89.982083,26.0579168,"783324, IND",Assam,Dhubri
89.9737496,26.0745834,"783331, IND",Assam,Dhubri
90.2987496,26.2662501,"783348, IND",Assam,Dhubri
89.9237496,26.0245834,"783324, IND",Assam,Dhubri
89.9154163,26.0412501,"783324, IND",Assam,Dhubri
90.1404163,26.1662501,"Bagribari, Dhubri, Assam, IND",Assam,Dhubri
89.9487496,26.0829168,"Gauripur, Dhubri, Assam, IND",Assam,Dhubri
90.007083,26.0995834,"783339, IND",Assam,Dhubri
89.907083,26.0079168,"783324, IND",Assam,Dhubri
89.907083,25.9995834,"783324, IND",Assam,Dhubri
90.0237496,26.0912501,"783339, IND",Assam,Dhubri
89.8987496,26.0079168,"783324, IND",Assam,Dhubri
89.932083,26.0495834,"783324, IND",Assam,Dhubri
90.1654163,26.1829168,"Bagribari, Dhubri, Assam, IND",Assam,Dhubri
90.182083,26.1912501,"Bilasipara, Dhubri, Assam, IND",Assam,Dhubri
89.957083,26.0745834,"Gauripur, Dhubri, Assam, IND",Assam,Dhubri
90.1154163,26.1412501,"Bagribari, Dhubri, Assam, IND",Assam,Dhubri
92.357083,24.7079168,"788719, IND",Assam,Karimganj
92.3487496,24.7162501,"788719, IND",Assam,Karimganj
91.507083,26.7745834,"781360, IND",Assam,Baksa
91.3654163,26.5912501,"781333, IND",Assam,Baksa
91.032083,26.3079168,"781309, IND",Assam,Barpeta
91.1404163,26.2995834,"781311, IND",Assam,Barpeta
91.1237496,26.1662501,"Chenga, Barpeta, Assam, IND",Assam,Barpeta
91.1404163,26.1829168,"Chenga, Barpeta, Assam, IND",Assam,Barpeta
91.1654163,26.2495834,"781305, IND",Assam,Barpeta
91.157083,26.2912501,"Chenga, Barpeta Sub-District, Barpeta, Assam, IND",Assam,Barpeta
91.107083,26.3162501,"781309, IND",Assam,Barpeta
91.1904163,26.2579168,"781305, IND",Assam,Barpeta
90.9404163,26.3329168,"781314, IND",Assam,Barpeta
91.032083,26.3162501,"Hajo Barpeta Road, Barpeta Sub-District, Barpeta, Assam, 781314, IND",Assam,Barpeta
91.1987496,26.2662501,"781312, IND",Assam,Barpeta
91.2154163,26.2245834,"Chenga, Barpeta, Assam, IND",Assam,Barpeta
90.9404163,26.3662501,"781314, IND",Assam,Barpeta
90.9654163,26.3829168,"781316, IND",Assam,Barpeta
91.157083,26.3079168,"781311, IND",Assam,Barpeta
91.1737496,26.2662501,"781305, IND",Assam,Barpeta
90.9737496,26.3912501,"781316, IND",Assam,Barpeta
91.207083,26.2412501,"Chenga, Barpeta, Assam, IND",Assam,Barpeta
91.0654163,26.3579168,"781309, IND",Assam,Barpeta
90.9487496,26.4079168,"781319, IND",Assam,Barpeta
91.107083,26.2829168,"781309, IND",Assam,Barpeta
91.2237496,26.2912501,"Sarthebari, Barpeta, Assam, IND",Assam,Barpeta
91.207083,26.2495834,"781312, IND",Assam,Barpeta
90.1404163,26.2245834,"Bagribari (PT), Kokrajhar, Assam, IND",Assam,Kokrajhar
79.832083,10.9412501,"609605, IND",Puducherry,Karaikal
79.832083,10.8495835,"609606, IND",Puducherry,Karaikal
79.8154164,10.8912501,"609604, IND",Puducherry,Karaikal
91.3237496,23.9412501,"799210, IND",Tripura,West Tripura
91.3487496,23.8412501,"799008, IND",Tripura,West Tripura
91.382083,24.0079168,"799211, IND",Tripura,West Tripura
91.2654163,23.7912501,"799014, IND",Tripura,West Tripura
91.332083,23.8995834,"799210, IND",Tripura,West Tripura
91.3654163,23.8829168,"799210, IND",Tripura,West Tripura
91.3487496,23.9662501,"799210, IND",Tripura,West Tripura
91.332083,23.9579168,"799210, IND",Tripura,West Tripura
91.3154163,23.8662501,"A A Road, Indranagar, Agartala, West Tripura, Tripura, 799006, IND",Tripura,West Tripura
91.257083,23.7745834,"799003, IND",Tripura,West Tripura
91.282083,23.8245834,"Central Road, Bardowali, Agartala, West Tripura, Tripura, 799003, IND",Tripura,West Tripura
91.307083,23.9079168,"799210, IND",Tripura,West Tripura
91.3154163,23.9329168,"799210, IND",Tripura,West Tripura
91.257083,23.8079168,"799003, IND",Tripura,West Tripura
91.282083,23.9495834,"799210, IND",Tripura,West Tripura
91.2904163,23.8579168,"State Bank of India-79 Tilla, G B Road, Kumari Tilla, Agartala, West Tripura, Tripura, 799006, IND",Tripura,West Tripura
91.2654163,23.8579168,"799009, IND",Tripura,West Tripura
91.2987496,23.9162501,"799210, IND",Tripura,West Tripura
91.382083,23.9245834,"799211, IND",Tripura,West Tripura
91.332083,23.8412501,"799008, IND",Tripura,West Tripura
91.332083,23.8579168,"799008, IND",Tripura,West Tripura
91.382083,23.9745834,"799211, IND",Tripura,West Tripura
91.3487496,23.9745834,"799210, IND",Tripura,West Tripura
91.282083,23.9662501,"799210, IND",Tripura,West Tripura
92.1654163,24.3662501,"799250, IND",Tripura,North Tripura
91.8237496,25.5162501,"Mylliem, East Khasi Hills, Meghalaya, IND",Meghālaya,East Khasi Hills
91.8487496,25.5245834,"793009, IND",Meghālaya,East Khasi Hills
91.8404163,25.5495834,"793004, IND",Meghālaya,East Khasi Hills
91.857083,25.5245834,"793004, IND",Meghālaya,East Khasi Hills
91.7987496,25.4912501,"Mawphlang, East Khasi Hills, Meghalaya, IND",Meghālaya,East Khasi Hills
89.9404163,25.6912501,"Selsella, West Garo Hills, Meghalaya, IND",Meghālaya,West Garo Hills
79.5487497,29.0662501,"262402, IND",Uttarākhand,Nainital
79.1237497,29.3995834,"Kotdwar Road, Ramnagar, Nainital, Uttarakhand, 244715, IND",Uttarākhand,Nainital
80.1904164,29.5829167,"262502, IND",Uttarākhand,Pithoragarh
76.5154164,9.4912502,"686532, IND",Kerala,Kottayam
76.5237497,9.4662502,"686535, IND",Kerala,Kottayam
75.857083,11.0745835,"Chettipadi Road, Tirurangadi, Malappuram, Kerala, 676319, IND",Kerala,Malappuram
88.607083,27.3245834,"Indira Bypass, Tadong, Gangtok, East District, Sikkim, 737102, IND",Sikkim,East District
88.6237497,27.3495834,"NH-310, Bulbulay, Gangtok, East District, Sikkim, 737103, IND",Sikkim,East District
88.6237497,27.3579168,"Lower Burtuk Road, Sichey, Gangtok, East District, Sikkim, 737101, IND",Sikkim,East District
88.6154163,27.3245834,"737101, IND",Sikkim,East District
88.5987497,27.3579168,"737101, IND",Sikkim,East District
88.607083,27.3579168,"737101, IND",Sikkim,East District
88.607083,27.3162501,"Bar & Restaurant, Syed Road, Upper Syari, Gangtok, East District, Sikkim, 737102, IND",Sikkim,East District
88.5987497,23.1912501,"741202, IND",West Bengal,Nadia
88.582083,23.3995834,"741151, IND",West Bengal,Nadia
88.5904163,23.2329168,"Aranghata Ranaghat Road, Ranaghat-II Sub-District, Nadia, West Bengal, 741501, IND",West Bengal,Nadia
88.4404163,23.4162501,"741315, IND",West Bengal,Nadia
88.432083,23.4079168,"Nabadwip Ghat Road, Krishnanagar-I Sub-District, Nadia, West Bengal, 741315, IND",West Bengal,Nadia
88.4154163,22.9662501,"741235, IND",West Bengal,Nadia
88.6654163,23.2495834,"741501, IND",West Bengal,Nadia
88.632083,23.1912501,"United Bank of India-Sankarpur, Ranaghat-II Sub-District, Nadia, West Bengal, 741202, IND",West Bengal,Nadia
88.607083,23.2162501,"741501, IND",West Bengal,Nadia
88.5487497,22.9745834,"741257, IND",West Bengal,Nadia
88.5904163,23.1829168,"741202, IND",West Bengal,Nadia
88.532083,22.9412501,"Digha, Haringhata, Nadia, West Bengal, IND",West Bengal,Nadia
88.5487497,23.0912501,"741222, IND",West Bengal,Nadia
88.4987497,23.0079168,"741245, IND",West Bengal,Nadia
88.7737497,23.4745834,"741503, IND",West Bengal,Nadia
88.6737497,23.3329168,"741502, IND",West Bengal,Nadia
88.5487497,23.5162501,"741123, IND",West Bengal,Nadia
88.432083,23.3912501,"741103, IND",West Bengal,Nadia
88.582083,23.3829168,"741151, IND",West Bengal,Nadia
88.5654163,23.3579168,"741102, IND",West Bengal,Nadia
88.6237497,23.2162501,"741501, IND",West Bengal,Nadia
88.5487497,22.9829168,"741245, IND",West Bengal,Nadia
88.557083,23.4995834,"741164, IND",West Bengal,Nadia
88.6237497,23.3162501,"741502, IND",West Bengal,Nadia
88.5487497,23.4329168,"741161, IND",West Bengal,Nadia
88.5154163,23.3329168,"741102, IND",West Bengal,Nadia
88.6404163,23.3745834,"741502, IND",West Bengal,Nadia
88.6737497,23.0912501,"741223, IND",West Bengal,Nadia
88.407083,23.3329168,"741317, IND",West Bengal,Nadia
88.657083,23.1912501,"741253, IND",West Bengal,Nadia
88.5904163,23.2245834,"741501, IND",West Bengal,Nadia
88.5487497,23.3495834,"741102, IND",West Bengal,Nadia
88.4404163,23.4495834,"741103, IND",West Bengal,Nadia
88.657083,23.0995834,"741223, IND",West Bengal,Nadia
88.5154163,23.0912501,"741222, IND",West Bengal,Nadia
88.4154163,23.3412501,"741317, IND",West Bengal,Nadia
88.3904163,23.4079168,"Char Maijdia, Nabadwip, Nadia, West Bengal, IND",West Bengal,Nadia
88.5904163,23.3745834,"741151, IND",West Bengal,Nadia
88.557083,22.9912501,"741245, IND",West Bengal,Nadia
88.657083,23.3579168,"741502, IND",West Bengal,Nadia
88.507083,23.3245834,"741121, IND",West Bengal,Nadia
88.3987497,23.3079168,"Saguna, Santipur, Nadia, West Bengal, IND",West Bengal,Nadia
88.4654163,22.9662501,"Kalyani, Chakdah, Nadia, West Bengal, IND",West Bengal,Nadia
88.4654163,23.3995834,"741103, IND",West Bengal,Nadia
88.4904163,22.9495834,"741234, IND",West Bengal,Nadia
88.432083,23.3495834,"741317, IND",West Bengal,Nadia
88.632083,22.9329168,"Lake Road, Haringhata, Nadia, West Bengal, 741257, IND",West Bengal,Nadia
88.682083,23.1245834,"741238, IND",West Bengal,Nadia
88.6404163,23.3162501,"741502, IND",West Bengal,Nadia
88.407083,23.3662501,"741301, IND",West Bengal,Nadia
88.6404163,23.5829168,"741123, IND",West Bengal,Nadia
88.6237497,23.3995834,"741161, IND",West Bengal,Nadia
88.4154163,23.2329168,"741404, IND",West Bengal,Nadia
88.4737497,22.9745834,"Kalyani, Chakdah, Nadia, West Bengal, IND",West Bengal,Nadia
88.532083,22.9912501,"741245, IND",West Bengal,Nadia
88.6237497,23.4079168,"741161, IND",West Bengal,Nadia
88.5487497,23.1829168,"741402, IND",West Bengal,Nadia
88.5737497,23.1912501,"741201, IND",West Bengal,Nadia
88.4487497,23.3162501,"741404, IND",West Bengal,Nadia
88.5487497,23.1495834,"741255, IND",West Bengal,Nadia
88.6237497,23.2579168,"Aranghatta Barhatta Road, Ranaghat-II Sub-District, Nadia, West Bengal, 741501, IND",West Bengal,Nadia
88.4404163,22.9829168,"Choshpara Station Road, Kalyani, Chakdah, Nadia, West Bengal, 741235, IND",West Bengal,Nadia
88.4404163,23.4912501,"741154, IND",West Bengal,Nadia
88.5904163,23.3995834,"741151, IND",West Bengal,Nadia
88.5154163,23.3245834,"741121, IND",West Bengal,Nadia
88.5654163,23.1995834,"741201, IND",West Bengal,Nadia
88.5404163,23.1495834,"741255, IND",West Bengal,Nadia
88.5404163,23.5495834,"741123, IND",West Bengal,Nadia
88.4904163,22.9745834,"Anandnagar Main Road, Chakdah, Nadia, West Bengal, 741234, IND",West Bengal,Nadia
88.4404163,23.3995834,"741315, IND",West Bengal,Nadia
88.4154163,23.3079168,"741317, IND",West Bengal,Nadia
88.6154163,23.2245834,"741501, IND",West Bengal,Nadia
88.5487497,23.1662501,"741201, IND",West Bengal,Nadia
88.507083,23.0495834,"Shimurali Road, Chakdah, Nadia, West Bengal, 741248, IND",West Bengal,Nadia
88.3987497,23.3495834,"741317, IND",West Bengal,Nadia
88.4404163,23.4579168,"Bhaktisiddhanta Saraswati Marg, Krishnanagar-II Sub-District, Nadia, West Bengal, 741125, IND",West Bengal,Nadia
88.4237497,22.9912501,"741251, IND",West Bengal,Nadia
88.6487497,23.2079168,"741501, IND",West Bengal,Nadia
88.6737497,23.3495834,"741502, IND",West Bengal,Nadia
88.6154163,23.1995834,"741202, IND",West Bengal,Nadia
88.6154163,23.3995834,"741505, IND",West Bengal,Nadia
88.6487497,23.1079168,"741238, IND",West Bengal,Nadia
88.5154163,22.9495834,"741252, IND",West Bengal,Nadia
88.6154163,23.3829168,"741505, IND",West Bengal,Nadia
88.657083,23.1745834,"741202, IND",West Bengal,Nadia
88.632083,23.2662501,"741502, IND",West Bengal,Nadia
88.432083,23.5495834,"741154, IND",West Bengal,Nadia
88.4404163,23.5329168,"741154, IND",West Bengal,Nadia
88.082083,24.4745834,"Raghunathganj-II, Murshidabad, West Bengal, IND",West Bengal,Murshidabad
88.0404163,23.9662501,"Berhampur Kandi Road, Kandi, Murshidabad, West Bengal, 742137, IND",West Bengal,Murshidabad
88.282083,24.1662501,"742149, IND",West Bengal,Murshidabad
88.2987497,24.1412501,"Paul Enterprise, Murshidabad Jiaganj, Murshidabad, West Bengal, 742149, IND",West Bengal,Murshidabad
88.2737497,24.1829168,"Siraj Ud Daulah Road, Murshidabad, Murshidabad Jiaganj, Murshidabad, West Bengal, 742149, IND",West Bengal,Murshidabad
88.1237497,23.7995834,"742404, IND",West Bengal,Murshidabad
87.9487497,23.9829168,"742147, IND",West Bengal,Murshidabad
88.6237497,24.0662501,"742303, IND",West Bengal,Murshidabad
88.0404163,23.9329168,"742137, IND",West Bengal,Murshidabad
88.6487497,24.1412501,"742303, IND",West Bengal,Murshidabad
88.6154163,24.0912501,"742303, IND",West Bengal,Murshidabad
88.6237497,24.0745834,"742303, IND",West Bengal,Murshidabad
88.0987497,24.1912501,"742187, IND",West Bengal,Murshidabad
88.6154163,23.9912501,"742113, IND",West Bengal,Murshidabad
88.6487497,24.1495834,"742303, IND",West Bengal,Murshidabad
88.2654163,24.1745834,"742149, IND",West Bengal,Murshidabad
88.5737497,24.1329168,"742303, IND",West Bengal,Murshidabad
88.0487497,23.9412501,"742137, IND",West Bengal,Murshidabad
88.1404163,23.7745834,"742404, IND",West Bengal,Murshidabad
88.6154163,24.1079168,"742113, IND",West Bengal,Murshidabad
88.607083,24.1329168,"742303, IND",West Bengal,Murshidabad
88.157083,23.8245834,"742404, IND",West Bengal,Murshidabad
88.0904163,23.8912501,"742301, IND",West Bengal,Murshidabad
88.0737497,24.4662501,"Raghunathganj-I, Murshidabad, West Bengal, IND",West Bengal,Murshidabad
88.582083,24.1245834,"742303, IND",West Bengal,Murshidabad
88.0487497,23.9495834,"742137, IND",West Bengal,Murshidabad
87.9487497,25.1579168,"732203, IND",West Bengal,Maldah
88.3987497,26.7079168,"734010, IND",West Bengal,Darjiling
88.257083,27.0829168,"Shree Krishna Pranani Mandir Road, Darjeeling Pulbazar, Darjiling, West Bengal, 734124, IND",West Bengal,Darjiling
88.382083,26.6412501,"734434, IND",West Bengal,Darjiling
88.157083,27.0995834,"734201, IND",West Bengal,Darjiling
88.382083,26.6995834,"734011, IND",West Bengal,Darjiling
88.3487497,26.5912501,"Fulbari Ghoshpukur Bypass, Phansidewa, Darjiling, West Bengal, 734434, IND",West Bengal,Darjiling
88.3154163,26.6912501,"Service Road, Bagdogra, Darjiling, West Bengal, 734014, IND",West Bengal,Darjiling
88.2487497,27.0912501,"Sikkim Road, Darjeeling Pulbazar, Darjiling, West Bengal, 734124, IND",West Bengal,Darjiling
88.3487497,26.7245834,"Bairatisal, Matigara, Darjiling, West Bengal, IND",West Bengal,Darjiling
88.4237497,26.7662501,"734003, IND",West Bengal,Darjiling
88.1487497,27.1079168,"Singalila National Park, Darjeeling Pulbazar, Darjiling, West Bengal, 734201, IND",West Bengal,Darjiling
88.2404163,27.0912501,"734124, IND",West Bengal,Darjiling
88.1987497,27.0829168,"734102, IND",West Bengal,Darjiling
88.1987497,27.0745834,"734122, IND",West Bengal,Darjiling
88.1404163,27.1079168,"Singalila National Park, Darjeeling Pulbazar, Darjiling, West Bengal, 734201, IND",West Bengal,Darjiling
88.6737497,26.4995834,"735102, IND",West Bengal,Jalpaiguri
88.6237497,26.6162501,"735218, IND",West Bengal,Jalpaiguri
88.707083,26.8662501,"735238, IND",West Bengal,Jalpaiguri
88.7654163,26.4329168,"735136, IND",West Bengal,Jalpaiguri
88.607083,26.6412501,"735133, IND",West Bengal,Jalpaiguri
88.4487497,26.6745834,"734015, IND",West Bengal,Jalpaiguri
88.6404163,26.5829168,"735121, IND",West Bengal,Jalpaiguri
88.682083,26.4745834,"735132, IND",West Bengal,Jalpaiguri
88.6654163,26.5245834,"735102, IND",West Bengal,Jalpaiguri
88.507083,26.6495834,"735134, IND",West Bengal,Jalpaiguri
88.5987497,26.5745834,"735133, IND",West Bengal,Jalpaiguri
88.5987497,26.5829168,"735133, IND",West Bengal,Jalpaiguri
88.7487497,26.4079168,"735136, IND",West Bengal,Jalpaiguri
88.7237497,26.3745834,"735132, IND",West Bengal,Jalpaiguri
88.1154163,25.7495834,"733134, IND",West Bengal,Uttar Dinajpur
88.1654163,25.4495834,"733128, IND",West Bengal,Uttar Dinajpur
88.182083,25.7329168,"733156, IND",West Bengal,Uttar Dinajpur
88.132083,25.5329168,"733143, IND",West Bengal,Uttar Dinajpur
88.207083,25.7245834,"733156, IND",West Bengal,Uttar Dinajpur
88.0654163,25.6829168,"733134, IND",West Bengal,Uttar Dinajpur
88.057083,25.6579168,"733134, IND",West Bengal,Uttar Dinajpur
88.132083,25.5579168,"733123, IND",West Bengal,Uttar Dinajpur
88.132083,25.7245834,"733156, IND",West Bengal,Uttar Dinajpur
88.1154163,25.5662501,"733123, IND",West Bengal,Uttar Dinajpur
88.132083,25.7329168,"733156, IND",West Bengal,Uttar Dinajpur
88.1237497,25.7412501,"733134, IND",West Bengal,Uttar Dinajpur
88.1654163,25.5745834,"733123, IND",West Bengal,Uttar Dinajpur
88.1654163,25.7579168,"733156, IND",West Bengal,Uttar Dinajpur
88.957083,23.1912501,"743232, IND",West Bengal,North Twenty Four Parganas
88.7487497,23.0329168,"743290, IND",West Bengal,North Twenty Four Parganas
88.707083,22.8995834,"743249, IND",West Bengal,North Twenty Four Parganas
88.757083,22.8912501,"743287, IND",West Bengal,North Twenty Four Parganas
88.8237497,22.9579168,"743245, IND",West Bengal,North Twenty Four Parganas
88.7237497,22.9079168,"743249, IND",West Bengal,North Twenty Four Parganas
88.732083,23.0662501,"Bangaon Road, Bongaon, North Twenty Four Parganas, West Bengal, 743262, IND",West Bengal,North Twenty Four Parganas
88.782083,22.9495834,"Dhakuria, Gaighata, North Twenty Four Parganas, West Bengal, IND",West Bengal,North Twenty Four Parganas
88.8154163,23.0662501,"743262, IND",West Bengal,North Twenty Four Parganas
88.7154163,22.9162501,"743249, IND",West Bengal,North Twenty Four Parganas
88.4154163,22.9162501,"743166, IND",West Bengal,North Twenty Four Parganas
88.532083,22.9245834,"741221, IND",West Bengal,North Twenty Four Parganas
88.782083,22.9829168,"Chandpara, Gaighata, North Twenty Four Parganas, West Bengal, IND",West Bengal,North Twenty Four Parganas
88.757083,23.0662501,"743262, IND",West Bengal,North Twenty Four Parganas
88.4154163,22.8995834,"Orr Road, Naihati, Barrackpur-I Sub-District, North Twenty Four Parganas, West Bengal, 743166, IND",West Bengal,North Twenty Four Parganas
88.7654163,23.2079168,"Naldugari Nichupara Road, Bagda, North Twenty Four Parganas, West Bengal, 743297, IND",West Bengal,North Twenty Four Parganas
88.7737497,22.9662501,"Chandpara, Gaighata, North Twenty Four Parganas, West Bengal, IND",West Bengal,North Twenty Four Parganas
88.7904163,23.0329168,"743262, IND",West Bengal,North Twenty Four Parganas
88.782083,22.9245834,"Shimulpur, Gaighata, North Twenty Four Parganas, West Bengal, IND",West Bengal,North Twenty Four Parganas
88.8154163,22.9662501,"743245, IND",West Bengal,North Twenty Four Parganas
88.882083,22.8912501,"743286, IND",West Bengal,North Twenty Four Parganas
88.7737497,22.8829168,"743247, IND",West Bengal,North Twenty Four Parganas
88.7987497,23.0662501,"743262, IND",West Bengal,North Twenty Four Parganas
88.7237497,22.9245834,"743249, IND",West Bengal,North Twenty Four Parganas
88.757083,23.0829168,"743262, IND",West Bengal,North Twenty Four Parganas
88.407083,22.9162501,"M T Road, Halisahar, Kanchrapura, North Twenty Four Parganas, West Bengal, 743135, IND",West Bengal,North Twenty Four Parganas
87.7154163,24.0662501,"Mayureswar-I Sub-District, Birbhum, West Bengal, IND",West Bengal,Birbhum
87.8737497,24.1412501,"731202, IND",West Bengal,Birbhum
87.5404163,23.8745834,"731102, IND",West Bengal,Birbhum
87.6654163,23.9579168,"731234, IND",West Bengal,Birbhum
87.5487497,23.8662501,"731102, IND",West Bengal,Birbhum
87.7237497,24.0829168,"Mayureswar-I Sub-District, Birbhum, West Bengal, IND",West Bengal,Birbhum
87.682083,23.9662501,"731234, IND",West Bengal,Birbhum
87.5404163,23.8662501,"731102, IND",West Bengal,Birbhum
87.732083,24.0745834,"NH-114, Fatehpur, Mayureswar-I Sub-District, Birbhum, West Bengal, 731216, IND",West Bengal,Birbhum
87.7154163,24.1829168,"731233, IND",West Bengal,Birbhum
87.7654163,23.9579168,"SH-11, Mayureswar-II Sub-District, Birbhum, West Bengal, 731213, IND",West Bengal,Birbhum
87.857083,24.4162501,"Ghuskia Road, Murarai-I, Birbhum, West Bengal, 731219, IND",West Bengal,Birbhum
87.6904163,23.9495834,"Football Ground, Sainthia, Birbhum, West Bengal, 731234, IND",West Bengal,Birbhum
87.857083,24.4079168,"731238, IND",West Bengal,Birbhum
87.882083,24.1495834,"731202, IND",West Bengal,Birbhum
87.6987497,23.2162501,"Bardhaman Road, Khandaghosh, Purba Bardhaman, West Bengal, 713142, IND",West Bengal,Barddhaman
88.3237497,23.2829168,"Dhatrigram, Kalna-I, Purba Bardhaman, West Bengal, IND",West Bengal,Barddhaman
88.1487497,23.3079168,"713422, IND",West Bengal,Barddhaman
88.1154163,23.4829168,"Katwa-II, Purba Bardhaman, West Bengal, IND",West Bengal,Barddhaman
88.107083,23.6245834,"713150, IND",West Bengal,Barddhaman
87.882083,23.2245834,"713103, IND",West Bengal,Barddhaman
88.082083,23.0995834,"713166, IND",West Bengal,Barddhaman
88.1487497,23.2495834,"Memari-II Sub- District, Purba Bardhaman, West Bengal, IND",West Bengal,Barddhaman
88.0737497,23.2495834,"713168, IND",West Bengal,Barddhaman
88.0154163,23.7329168,"713129, IND",West Bengal,Barddhaman
88.057083,23.7079168,"741150, IND",West Bengal,Barddhaman
87.9737497,23.2579168,"713407, IND",West Bengal,Barddhaman
88.2654163,23.4162501,"713514, IND",West Bengal,Barddhaman
87.9404163,23.2079168,"713124, IND",West Bengal,Barddhaman
88.132083,23.4912501,"Katwa-II, Purba Bardhaman, West Bengal, IND",West Bengal,Barddhaman
88.007083,23.0245834,"713404, IND",West Bengal,Barddhaman
88.107083,23.4829168,"Katwa-II, Purba Bardhaman, West Bengal, IND",West Bengal,Barddhaman
87.9904163,23.2495834,"713407, IND",West Bengal,Barddhaman
88.307083,23.3245834,"713405, IND",West Bengal,Barddhaman
87.9654163,23.7245834,"713129, IND",West Bengal,Barddhaman
87.8404163,23.2495834,"Goda Main Road, Lakurdi, Bardhaman, Purba Bardhaman, West Bengal, 713102, IND",West Bengal,Barddhaman
88.032083,23.7245834,"713140, IND",West Bengal,Barddhaman
88.3487497,23.1995834,"713409, IND",West Bengal,Barddhaman
87.9737497,23.0745834,"713408, IND",West Bengal,Barddhaman
88.3237497,23.2412501,"713405, IND",West Bengal,Barddhaman
88.0904163,23.2412501,"713168, IND",West Bengal,Barddhaman
88.0404163,23.6995834,"Katugram, Ketugram-II, Purba Bardhaman, West Bengal, IND",West Bengal,Barddhaman
88.1404163,23.2412501,"Memari-I Sub-District, Purba Bardhaman, West Bengal, IND",West Bengal,Barddhaman
88.0654163,23.2495834,"713407, IND",West Bengal,Barddhaman
88.132083,23.2995834,"713422, IND",West Bengal,Barddhaman
87.2737497,23.1079168,"722147, IND",West Bengal,Bankura
87.0987497,23.1579168,"722144, IND",West Bengal,Bankura
87.0904163,23.2579168,"Asansol Bankura Road, Bankura-II Sub-District, Bankura, West Bengal, 722155, IND",West Bengal,Bankura
87.5987497,23.0162501,"722141, IND",West Bengal,Bankura
89.532083,26.3995834,"736133, IND",West Bengal,Koch Bihar
89.5237496,26.4079168,"736133, IND",West Bengal,Koch Bihar
89.482083,26.3579168,"736156, IND",West Bengal,Koch Bihar
89.4654163,26.1162501,"Rangpur Road, Dinhata, Koch Bihar, West Bengal, 736135, IND",West Bengal,Koch Bihar
88.782083,26.3662501,"Haldibari, Koch Bihar, West Bengal, IND",West Bengal,Koch Bihar
89.3987496,26.3495834,"736165, IND",West Bengal,Koch Bihar
89.4154163,26.4245834,"736165, IND",West Bengal,Koch Bihar
89.482083,26.4495834,"736133, IND",West Bengal,Koch Bihar
89.4154163,26.4162501,"736165, IND",West Bengal,Koch Bihar
89.4487496,26.1329168,"Dinhata, Koch Bihar, West Bengal, IND",West Bengal,Koch Bihar
89.4487496,26.4412501,"736165, IND",West Bengal,Koch Bihar
89.5487496,25.9829168,"736135, IND",West Bengal,Koch Bihar
89.507083,26.3829168,"736133, IND",West Bengal,Koch Bihar
89.4237496,26.4495834,"736165, IND",West Bengal,Koch Bihar
89.4654163,26.4079168,"736133, IND",West Bengal,Koch Bihar
89.3237497,26.3495834,"736171, IND",West Bengal,Koch Bihar
89.4404163,26.4079168,"736133, IND",West Bengal,Koch Bihar
89.4904163,26.3912501,"Baneswar, Cooch Behar-II Sub-District, Koch Bihar, West Bengal, IND",West Bengal,Koch Bihar
89.5154163,26.4162501,"736133, IND",West Bengal,Koch Bihar
89.4154163,26.4412501,"736165, IND",West Bengal,Koch Bihar
88.1487497,22.9245834,"712305, IND",West Bengal,Hugli
88.1404163,22.9579168,"712302, IND",West Bengal,Hugli
88.0154163,22.9745834,"712402, IND",West Bengal,Hugli
88.4237497,23.1829168,"712512, IND",West Bengal,Hugli
88.3987497,22.9995834,"Raghunathpur (PS-Dankuni), Chinsurah-Magra, Hooghly, West Bengal, IND",West Bengal,Hugli
88.382083,22.9745834,"NH-31, Chinsurah-Magra, Hooghly, West Bengal, 712503, IND",West Bengal,Hugli
88.2487497,23.0329168,"712148, IND",West Bengal,Hugli
88.4654163,23.1162501,"Sripur, Balagarh, Hooghly, West Bengal, IND",West Bengal,Hugli
88.432083,23.1329168,"Assam Road, Balagarh, Hooghly, West Bengal, 712512, IND",West Bengal,Hugli
87.9904163,22.9495834,"712410, IND",West Bengal,Hugli
88.1237497,22.8829168,"712405, IND",West Bengal,Hugli
88.2904163,23.0662501,"712504, IND",West Bengal,Hugli
88.4404163,23.1412501,"712512, IND",West Bengal,Hugli
88.3154163,23.1079168,"712146, IND",West Bengal,Hugli
88.1487497,22.9995834,"Service Road, Dhaniakhali, Hooghly, West Bengal, 712303, IND",West Bengal,Hugli
88.3237497,23.0995834,"712146, IND",West Bengal,Hugli
88.3237497,22.8995834,"712102, IND",West Bengal,Hugli
88.3904163,23.0245834,"Raghunathpur (PS-Magra), Balagarh, Hooghly, West Bengal, IND",West Bengal,Hugli
88.4154163,23.0079168,"741251, IND",West Bengal,Hugli
88.382083,22.9079168,"712103, IND",West Bengal,Hugli
88.2154163,23.1162501,"712135, IND",West Bengal,Hugli
88.1487497,22.9829168,"712513, IND",West Bengal,Hugli
88.4737497,23.1245834,"712501, IND",West Bengal,Hugli
88.4487497,23.0995834,"712501, IND",West Bengal,Hugli
88.3487497,22.9162501,"Hooghly Station Road, Polba-Dadpur, Hooghly, West Bengal, 712102, IND",West Bengal,Hugli
88.4154163,23.0245834,"Raghunathpur (PS-Magra), Balagarh, Hooghly, West Bengal, IND",West Bengal,Hugli
88.1154163,22.9579168,"712302, IND",West Bengal,Hugli
88.3237497,22.9995834,"712148, IND",West Bengal,Hugli
88.132083,23.0329168,"AH1, Dhaniakhali, Hooghly, West Bengal, 712303, IND",West Bengal,Hugli
88.3237497,23.0579168,"712147, IND",West Bengal,Hugli
88.0987497,22.9662501,"712302, IND",West Bengal,Hugli
88.332083,23.0079168,"712148, IND",West Bengal,Hugli
88.382083,22.9912501,"Amodghata, Chinsurah-Magra, Hooghly, West Bengal, IND",West Bengal,Hugli
88.3904163,23.0079168,"Raghunathpur (PS-Dankuni), Chinsurah-Magra, Hooghly, West Bengal, IND",West Bengal,Hugli
88.4237497,23.0329168,"Raghunathpur (PS-Magra), Balagarh, Hooghly, West Bengal, IND",West Bengal,Hugli
88.382083,22.9245834,"Sahaganj Road, Bandel, Chinsurah-Magra, Hooghly, West Bengal, 712123, IND",West Bengal,Hugli
88.382083,22.9412501,"712123, IND",West Bengal,Hugli
88.1237497,22.9579168,"712301, IND",West Bengal,Hugli
87.9987497,22.8829168,"Tarakeswar, Hooghly, West Bengal, IND",West Bengal,Hugli
88.1737497,22.9745834,"712305, IND",West Bengal,Hugli
88.1237497,23.0162501,"712303, IND",West Bengal,Hugli
88.1237497,23.0079168,"712303, IND",West Bengal,Hugli
75.8404164,30.8662501,"Easy Day, Dugri, Ludhiana, Punjab, 141002, IND",Punjab,Ludhiana
77.3404164,16.2079168,"Lingsugur Road, Nijalingappa Colony, Raichur, Karnataka, 584101, IND",Karnātaka,Raichur
75.757083,16.7412501,"586122, IND",Karnātaka,Bijapur
75.5237497,16.8329168,"586130, IND",Karnātaka,Bijapur
74.4237497,16.4579168,"591237, IND",Karnātaka,Belgaum
76.132083,15.3412501,"583231, IND",Karnātaka,Koppal
76.1487497,15.3329168,"583231, IND",Karnātaka,Koppal
77.6737497,12.8079168,"288 12th Cross Road, Bommasandra, Bengaluru, Karnataka, 560099, IND",Karnātaka,Bangalore
74.7737497,19.0495835,"414110, IND",Mahārāshtra,Ahmadnagar
74.6987497,19.0662501,"Ahmednagar, Maharashtra, IND",Mahārāshtra,Ahmadnagar
74.6987497,19.0579168,"Hotel Sagar, Kopargaon Shirdi Ahmednagar Pune Highway, Kedgaon, Ahmednagar, Maharashtra, 414005, IND",Mahārāshtra,Ahmadnagar
73.4737497,16.0579168,"416606, IND",Mahārāshtra,Sindhudurg
79.232083,19.7079168,"442908, IND",Mahārāshtra,Chandrapur
76.7987497,20.7162501,"444109, IND",Mahārāshtra,Akola
77.8487497,18.8829168,"431809, IND",Mahārāshtra,Nanded
73.6737497,18.7245835,"Talegaon Dabhade, Pune, Maharashtra, IND",Mahārāshtra,Pune
73.682083,18.7245835,"Talegaon Dabhade Road, Talegaon Dabhade, Pune, Maharashtra, 410506, IND",Mahārāshtra,Pune
76.1987497,20.6745834,"443103, IND",Mahārāshtra,Buldana
75.0654164,20.4912501,"NH-753J, Chalisgaon Sub-District, Jalgaon, Maharashtra, 424102, IND",Mahārāshtra,Jalgaon
72.957083,18.3245835,"Hotel Murud Plaza, Murud Janjira, Raigarh, Maharashtra, 402401, IND",Mahārāshtra,Raigarh
72.9487497,18.5329168,"402202, IND",Mahārāshtra,Raigarh
72.8987497,18.6579168,"402209, IND",Mahārāshtra,Raigarh
72.8654164,18.6912501,"Thal Bazar Road, Alibag Sub-District, Raigarh, Maharashtra, 402207, IND",Mahārāshtra,Raigarh
72.8737497,18.6662501,"Varsoli Road, Varsoli, Alibag, Raigarh, Maharashtra, 402201, IND",Mahārāshtra,Raigarh
73.332083,19.2912501,"421401, IND",Mahārāshtra,Thane
72.757083,19.8079168,"Boisar, Palghar, Maharashtra, IND",Mahārāshtra,Palghar
72.7154164,19.7995834,"401504, IND",Mahārāshtra,Palghar
72.757083,19.4412501,"401301, IND",Mahārāshtra,Palghar
72.7737497,19.3995834,"401304, IND",Mahārāshtra,Palghar
72.7487497,19.8162501,"Katkar, Boisar, Palghar, Maharashtra, IND",Mahārāshtra,Palghar
72.757083,19.9579168,"401602, IND",Mahārāshtra,Palghar
72.8154164,19.3912501,"401304, IND",Mahārāshtra,Palghar
72.757083,19.4495834,"Kalamb Road, Virar West, Virar, Palghar, Maharashtra, 401301, IND",Mahārāshtra,Palghar
72.7154164,19.6579168,"401402, IND",Mahārāshtra,Palghar
72.6820831,19.8245834,"401502, IND",Mahārāshtra,Palghar
72.782083,19.3912501,"Nirmal Vasai Main Road, Vasai West, Vasai, Palghar, Maharashtra, 401201, IND",Mahārāshtra,Palghar
72.8237497,19.3745834,"Vasai Road, Vasai West, Vasai, Palghar, Maharashtra, 401202, IND",Mahārāshtra,Palghar
72.7904164,19.7829168,"401501, IND",Mahārāshtra,Palghar
72.7904164,19.7912501,"Boisar, Palghar, Maharashtra, IND",Mahārāshtra,Palghar
72.7654164,19.6912501,"Aryan Road, Palghar, Maharashtra, 401404, IND",Mahārāshtra,Palghar
72.8237497,18.9579168,"156 Nanubhai Desai Road, Grant Road East, Mumbai, Maharashtra, 400004, IND",Mahārāshtra,Mumbai
72.8654164,19.0495835,"102 N S Mankikar Road, Sion East, Mumbai, Maharashtra, 400022, IND",Mahārāshtra,Mumbai
72.857083,19.0245835,"Nathalal Parekh Marg, Matunga East, Mumbai, Maharashtra, 400019, IND",Mahārāshtra,Mumbai
72.8404164,19.0079168,"404 Gautam Nagar Road, Dadar East, Mumbai, Maharashtra, 400014, IND",Mahārāshtra,Mumbai
72.8487497,19.0412501,"Evershine Meadows, Jasmine Mill Road, Dharavi, Mumbai, Maharashtra, 400017, IND",Mahārāshtra,Mumbai
72.8154164,18.9912501,"400018, IND",Mahārāshtra,Mumbai
72.8654164,19.0162501,"R J Gaikwad Marg, Wadala East, Mumbai, Maharashtra, 400037, IND",Mahārāshtra,Mumbai
72.832083,18.9412501,"600 Mahapalika Marg, Fort, Mumbai, Maharashtra, 400001, IND",Mahārāshtra,Mumbai
72.8487497,19.0662501,"Sharda Devi Road, Bandra East, Mumbai, Mumbai Suburban, Maharashtra, 400051, IND",Mahārāshtra,Mumbai Suburban
72.882083,19.0329168,"400074, IND",Mahārāshtra,Mumbai Suburban
72.8737497,19.0245835,"Beila Clinic, S P Road, Antop Hill, Mumbai, Maharashtra, 400037, IND",Mahārāshtra,Mumbai Suburban
72.8237497,19.0745835,"Himja Chemist, Chuim Village Road, Khar West, Mumbai, Mumbai Suburban, Maharashtra, 400052, IND",Mahārāshtra,Mumbai Suburban
72.9154164,19.0079168,"400085, IND",Mahārāshtra,Mumbai Suburban
72.9154164,19.0745835,"Ramabai Ambedkar Nagar No 2 Road, Ghatkopar East, Mumbai, Mumbai Suburban, Maharashtra, 400075, IND",Mahārāshtra,Mumbai Suburban
72.8654164,19.0579168,"B K C Connector Road, Bandra East, Mumbai, Mumbai Suburban, Maharashtra, 400051, IND",Mahārāshtra,Mumbai Suburban
72.8237497,19.0662501,"17 4th Rajan Road, Bandra West, Mumbai, Mumbai Suburban, Maharashtra, 400050, IND",Mahārāshtra,Mumbai Suburban
72.9237497,19.0412501,"C V Raman Road, Anushakti Nagar, Mumbai, Mumbai Suburban, Maharashtra, 400088, IND",Mahārāshtra,Mumbai Suburban
72.8154164,19.1662501,"400095, IND",Mahārāshtra,Mumbai Suburban
72.832083,19.1079168,"47 N S Road No 7, Juhu, Mumbai, Mumbai Suburban, Maharashtra, 400049, IND",Mahārāshtra,Mumbai Suburban
72.907083,19.0579168,"Buddha Vihar Road, Chembur East, Mumbai, Mumbai Suburban, Maharashtra, 400071, IND",Mahārāshtra,Mumbai Suburban
85.1487497,20.8329168,"Nalco, Angul, Odisha, IND",Odisha,Anugul
85.2654163,20.7912501,"Bhushan Steel City, Angul, Odisha, IND",Odisha,Anugul
85.207083,20.8995834,"759101, IND",Odisha,Anugul
85.1654163,20.8412501,"759145, IND",Odisha,Anugul
85.207083,20.9079168,"Talcher Thermal Power Stn Township, Colliery, Angul, Odisha, IND",Odisha,Anugul
85.257083,20.8162501,"Bhushan Steel City, Angul, Odisha, IND",Odisha,Anugul
85.1737497,20.8329168,"759145, IND",Odisha,Anugul
86.882083,21.5162501,"756019, IND",Odisha,Baleshwar
86.8404163,21.5329168,"Balasore Maitrapur Baincha Road, Remuna, Baleshwar, Odisha, 756019, IND",Odisha,Baleshwar
86.2404163,20.9245834,"755043, IND",Odisha,Jajapur
86.1404163,20.9579168,"Jajapur Road, Jajapur, Odisha, IND",Odisha,Jajapur
86.0237497,20.9912501,"Kalinganagar, Jajapur, Odisha, IND",Odisha,Jajapur
86.0654163,20.9745834,"Jajapur Road, Jajapur, Odisha, IND",Odisha,Jajapur
86.1237497,20.9412501,"Jajapur Road, Jajapur, Odisha, IND",Odisha,Jajapur
86.1237497,20.9245834,"Jajapur Road, Jajapur, Odisha, IND",Odisha,Jajapur
84.5487497,19.6745834,"761107, IND",Odisha,Ganjam
84.6404163,19.8829168,"SH-21, Bellaguntha, Brajaraj Nagar, Ganjam, Odisha, 761119, IND",Odisha,Ganjam
84.557083,19.6745834,"761107, IND",Odisha,Ganjam
84.5654163,19.6495834,"Dharakote, Ganjam, Odisha, IND",Odisha,Ganjam
86.5154163,21.0912501,"756101, IND",Odisha,Bhadrak
86.457083,21.0662501,"756113, IND",Odisha,Bhadrak
86.4904163,21.0579168,"Bhadrak, Odisha, IND",Odisha,Bhadrak
86.432083,21.0912501,"756113, IND",Odisha,Bhadrak
86.5237497,21.0912501,"Service Road, Bhadrak Rural, Bhadrak, Odisha, 756101, IND",Odisha,Bhadrak
71.0737497,25.4829168,"344702, IND",Rājasthān,Barmer
75.482083,26.8079168,"303007, IND",Rājasthān,Jaipur
75.957083,26.5162501,"303901, IND",Rājasthān,Jaipur
75.4737497,26.7995834,"303122, IND",Rājasthān,Jaipur
75.232083,26.6745834,"303008, IND",Rājasthān,Jaipur
73.907083,25.5412501,"313331, IND",Rājasthān,Rajsamand
73.9654164,23.6079168,"314027, IND",Rājasthān,Dungarpur
80.257083,13.1912501,"Redhills Road, Manali New Town, Chennai, Thiruvallur, Tamil Nadu, 600103, IND",Tamil Nādu,Thiruvallur
80.2904164,13.1829168,"Sadayankuppam Road, Manali, Chennai, Thiruvallur, Tamil Nadu, 600103, IND",Tamil Nādu,Thiruvallur
80.2487497,13.1662501,"Kamarajar Road, Mathur, Chennai, Thiruvallur, Tamil Nadu, 600068, IND",Tamil Nādu,Thiruvallur
80.1987497,13.1745835,"3rd Street, Puzhal, Chennai, Thiruvallur, Tamil Nadu, 600066, IND",Tamil Nādu,Thiruvallur
80.3237497,13.2912501,"601203, IND",Tamil Nādu,Thiruvallur
80.2237497,13.1412501,"Parryware, Ponniammanmedu, Chennai, Thiruvallur, Tamil Nadu, 600110, IND",Tamil Nādu,Thiruvallur
80.157083,13.2412501,"Service Road, Cholavaram, Chennai, Thiruvallur, Tamil Nadu, 600067, IND",Tamil Nādu,Thiruvallur
80.3154164,13.1912501,"Kasi Koil Kuppam 1st Street, Ennore, Chennai, Thiruvallur, Tamil Nadu, 600057, IND",Tamil Nādu,Thiruvallur
80.2654164,13.1745835,"600068, IND",Tamil Nādu,Thiruvallur
80.3237497,13.2412501,"600120, IND",Tamil Nādu,Thiruvallur
80.2237497,13.1329168,"3A 7th Street, Ponniammanmedu, Chennai, Thiruvallur, Tamil Nadu, 600110, IND",Tamil Nādu,Thiruvallur
79.607083,13.1662501,"631209, IND",Tamil Nādu,Thiruvallur
80.2904164,13.1745835,"Buckingham Canal Road, Thiruvottiyur, Chennai, Thiruvallur, Tamil Nadu, 600019, IND",Tamil Nādu,Thiruvallur
80.2737497,13.2162501,"2nd Main Road, Manali New Town, Chennai, Thiruvallur, Tamil Nadu, 600103, IND",Tamil Nādu,Thiruvallur
80.307083,13.1912501,"Mettu 2nd Street, Ernavoor, Chennai, Thiruvallur, Tamil Nadu, 600057, IND",Tamil Nādu,Thiruvallur
80.2654164,13.1495835,"600068, IND",Tamil Nādu,Thiruvallur
80.282083,13.1579168,"600019, IND",Tamil Nādu,Thiruvallur
80.2404164,13.1829168,"600060, IND",Tamil Nādu,Thiruvallur
77.9987497,10.3579168,"624003, IND",Tamil Nādu,Dindigul
77.7654164,11.3495835,"Pallipalayam, Tiruchengode, Namakkal, Tamil Nadu, IND",Tamil Nādu,Namakkal
77.707083,11.3912501,"638008, IND",Tamil Nādu,Namakkal
77.357083,29.6329167,"247777, IND",Uttar Pradesh,Samli
77.8154164,28.4745834,"203408, IND",Uttar Pradesh,Bulandshahr
78.2904164,29.3245834,"246726, IND",Uttar Pradesh,Bijnor
81.0904163,27.9912501,"262723, IND",Uttar Pradesh,Kheri
79.5737497,28.1662501,"G T Road, Faridpur, Bareilly, Uttar Pradesh, 243506, IND",Uttar Pradesh,Bareilly
78.932083,27.5245834,"207248, IND",Uttar Pradesh,Etah
78.7154164,27.5329167,"207001, IND",Uttar Pradesh,Etah
82.382083,27.2912501,"271604, IND",Uttar Pradesh,Balrampur
79.582083,27.6662501,"242221, IND",Uttar Pradesh,Shahjahanpur
79.732083,27.1079168,"209722, IND",Uttar Pradesh,Kannauj
83.3487497,26.8412501,"273007, IND",Uttar Pradesh,Gorakhpur
83.3487497,26.8495834,"273007, IND",Uttar Pradesh,Gorakhpur
81.082083,26.8579168,"226028, IND",Uttar Pradesh,Lucknow
82.7404163,26.3412501,"224149, IND",Uttar Pradesh,Ambedkar Nagar
82.8237497,26.3245834,"224125, IND",Uttar Pradesh,Ambedkar Nagar
82.7487497,26.4329168,"224155, IND",Uttar Pradesh,Ambedkar Nagar
82.6737497,26.3495834,"224186, IND",Uttar Pradesh,Ambedkar Nagar
82.8737497,26.3745834,"NH-28, Allapur, Ambedkar Nagar, Uttar Pradesh, 224139, IND",Uttar Pradesh,Ambedkar Nagar
82.632083,26.2829168,"224159, IND",Uttar Pradesh,Ambedkar Nagar
82.682083,26.3412501,"224186, IND",Uttar Pradesh,Ambedkar Nagar
82.7904163,26.3329168,"224125, IND",Uttar Pradesh,Ambedkar Nagar
82.707083,26.3079168,"224149, IND",Uttar Pradesh,Ambedkar Nagar
82.8737497,26.3912501,"224139, IND",Uttar Pradesh,Ambedkar Nagar
82.832083,26.3412501,"224139, IND",Uttar Pradesh,Ambedkar Nagar
82.657083,26.2579168,"224159, IND",Uttar Pradesh,Ambedkar Nagar
82.707083,26.3329168,"224149, IND",Uttar Pradesh,Ambedkar Nagar
82.7904163,26.4412501,"224129, IND",Uttar Pradesh,Ambedkar Nagar
82.6487497,26.2745834,"224159, IND",Uttar Pradesh,Ambedkar Nagar
82.682083,26.3079168,"224171, IND",Uttar Pradesh,Ambedkar Nagar
82.7654163,26.4162501,"224155, IND",Uttar Pradesh,Ambedkar Nagar
82.8654163,26.3662501,"224139, IND",Uttar Pradesh,Ambedkar Nagar
82.6654163,26.3412501,"224186, IND",Uttar Pradesh,Ambedkar Nagar
82.882083,26.3829168,"224139, IND",Uttar Pradesh,Ambedkar Nagar
82.6987497,26.3329168,"224149, IND",Uttar Pradesh,Ambedkar Nagar
82.6404163,26.2662501,"224159, IND",Uttar Pradesh,Ambedkar Nagar
82.6987497,26.3162501,"224171, IND",Uttar Pradesh,Ambedkar Nagar
82.707083,26.3245834,"224149, IND",Uttar Pradesh,Ambedkar Nagar
82.7487497,26.4412501,"224155, IND",Uttar Pradesh,Ambedkar Nagar
82.4487497,25.2829168,"221303, IND",Uttar Pradesh,Sant Ravidas Nagar (Bhadohi)
82.457083,25.2995834,"221304, IND",Uttar Pradesh,Sant Ravidas Nagar (Bhadohi)
83.0904163,27.3829168,"272204, IND",Uttar Pradesh,Siddharthnagar
83.0987497,26.9745834,"272271, IND",Uttar Pradesh,Sant Kabir Nagar
83.107083,26.9745834,"272271, IND",Uttar Pradesh,Sant Kabir Nagar
82.9404163,26.8995834,"272125, IND",Uttar Pradesh,Sant Kabir Nagar
83.107083,26.9995834,"272271, IND",Uttar Pradesh,Sant Kabir Nagar
83.1237497,27.0245834,"272271, IND",Uttar Pradesh,Sant Kabir Nagar
83.132083,26.9912501,"272271, IND",Uttar Pradesh,Sant Kabir Nagar
81.9737497,27.1412501,"271002, IND",Uttar Pradesh,Gonda
81.9654163,27.1162501,"Gonda, Uttar Pradesh, IND",Uttar Pradesh,Gonda
83.307083,27.1079168,"273155, IND",Uttar Pradesh,Mahrajganj
83.9237497,27.0579168,"274304, IND",Uttar Pradesh,Kushinagar
83.6904163,26.8995834,"274301, IND",Uttar Pradesh,Kushinagar
83.7904163,26.9079168,"274306, IND",Uttar Pradesh,Kushinagar
83.957083,27.1495834,"274801, IND",Uttar Pradesh,Kushinagar
83.7237497,26.8912501,"274301, IND",Uttar Pradesh,Kushinagar
83.9237497,27.0412501,"274304, IND",Uttar Pradesh,Kushinagar
83.6987497,26.8495834,"274149, IND",Uttar Pradesh,Kushinagar
84.1654163,26.7495834,"274302, IND",Uttar Pradesh,Kushinagar
83.6987497,26.9079168,"274301, IND",Uttar Pradesh,Kushinagar
83.7654163,26.7579168,"274203, IND",Uttar Pradesh,Kushinagar
80.7654164,26.2329168,"209866, IND",Uttar Pradesh,Unnao
80.957083,26.1745834,"229206, IND",Uttar Pradesh,Rae Bareli
81.132083,26.3995834,"229303, IND",Uttar Pradesh,Rae Bareli
80.9654164,26.1579168,"229206, IND",Uttar Pradesh,Rae Bareli
81.132083,26.3912501,"229123, IND",Uttar Pradesh,Rae Bareli
81.0987497,26.4662501,"229301, IND",Uttar Pradesh,Rae Bareli
81.5154163,26.5162501,"Kathaura, Tiloi, Amethi, Uttar Pradesh, IND",Uttar Pradesh,Amethi
77.6487497,28.7245834,"245304, IND",Uttar Pradesh,Ghaziabad
77.4654164,28.5912501,"Aryan International School, Milak Lachchhi, Greater Noida, Gautam Buddha Nagar, Uttar Pradesh, 201009, IND",Uttar Pradesh,Gautam Buddha Nagar
78.132083,27.0579168,"283125, IND",Uttar Pradesh,Agra
78.0904164,27.1662501,"282006, IND",Uttar Pradesh,Agra
78.0904164,27.1162501,"283125, IND",Uttar Pradesh,Agra
78.082083,27.1495834,"282006, IND",Uttar Pradesh,Agra
78.1154164,27.0912501,"283125, IND",Uttar Pradesh,Agra
78.1904164,27.0245834,"283125, IND",Uttar Pradesh,Agra
78.107083,27.1662501,"282006, IND",Uttar Pradesh,Agra
78.0904164,27.1912501,"282006, IND",Uttar Pradesh,Agra
78.1154164,27.0162501,"Shamsabad, Fatehabad, Agra, Uttar Pradesh, IND",Uttar Pradesh,Agra
78.107083,27.0995834,"282006, IND",Uttar Pradesh,Agra
78.1237497,27.1662501,"282006, IND",Uttar Pradesh,Agra
79.757083,11.4912501,"Sanjeev Rayar Street, Parangipettai, Chidambaram, Cuddalore, Tamil Nadu, 608502, IND",Tamil Nādu,Cuddalore
79.757083,11.5329168,"608502, IND",Tamil Nādu,Cuddalore
79.6737497,11.5495835,"608501, IND",Tamil Nādu,Cuddalore
79.7487497,11.6412501,"Coastal Road, Cuddalore Sub-District, Cuddalore, Tamil Nadu, 607005, IND",Tamil Nādu,Cuddalore
79.757083,11.6079168,"608801, IND",Tamil Nādu,Cuddalore
79.7487497,11.6329168,"607005, IND",Tamil Nādu,Cuddalore
79.7737497,11.4495835,"Killai, Chidambaram, Cuddalore, Tamil Nadu, IND",Tamil Nādu,Cuddalore
80.2487497,13.1162501,"Gopal Street, Vyasarpadi, Chennai, Tamil Nadu, 600039, IND",Tamil Nādu,Chennai
80.2237497,13.0829168,"DR. P. R. Ram Obstetrician and Gynaecologist, 9Th Street, Anna Nagar East, Chennai, Tamil Nadu, 600102, IND",Tamil Nādu,Chennai
80.282083,13.0662501,"Adams Street, Chepauk, Chennai, Tamil Nadu, 600005, IND",Tamil Nādu,Chennai
80.2654164,13.1079168,"48 2nd Street, Pulianthope, Chennai, Tamil Nadu, 600012, IND",Tamil Nādu,Chennai
80.2487497,13.1412501,"2nd Street, Kodungaiyur, Chennai, Tamil Nadu, 600118, IND",Tamil Nādu,Chennai
80.232083,13.0995835,"Lakshmi Vilas Bank, Chetty Garden Main Street, Ayanavaram, Chennai, Tamil Nadu, 600023, IND",Tamil Nādu,Chennai
80.2737497,13.0912501,"Chennai Central, Park Town, Chennai, Tamil Nadu, IND",Tamil Nādu,Chennai
80.2737497,13.0329168,"Nadu Street, Mylapore, Chennai, Tamil Nadu, 600004, IND",Tamil Nādu,Chennai
80.282083,13.0495835,"Beach Road, Tiruvallikeni Triplicane, Chennai, Tamil Nadu, 600005, IND",Tamil Nādu,Chennai
80.282083,13.0829168,"AH45, Park Town, Chennai, Tamil Nadu, 600003, IND",Tamil Nādu,Chennai
80.2404164,13.0829168,"228A Police Quarters Road, Kilpauk, Chennai, Tamil Nadu, 600010, IND",Tamil Nādu,Chennai
80.282083,13.0745835,"Island Grounds, Park Town, Chennai, Tamil Nadu, IND",Tamil Nādu,Chennai
80.2404164,13.0329168,"Missionaries of Charity Day Creche, Chevalier Sivaji Ganesan Road, T Nagar, Chennai, Tamil Nadu, 600017, IND",Tamil Nādu,Chennai
80.2404164,12.9829168,"Sathi Fancy Stores, Rajaji Street, Taramani, Chennai, Tamil Nadu, 600113, IND",Tamil Nādu,Chennai
80.2654164,13.1162501,"16-16 Kennady Nagar Main Street, Vyasarpadi, Chennai, Tamil Nadu, 600039, IND",Tamil Nādu,Chennai
79.8487497,10.8162501,"Nagapattinam, Tamil Nadu, IND",Tamil Nādu,Nagapattinam
79.832083,10.7745835,"611001, IND",Tamil Nādu,Nagapattinam
79.8154164,10.7495835,"611106, IND",Tamil Nādu,Nagapattinam
79.7904164,10.7662501,"611108, IND",Tamil Nādu,Nagapattinam
79.807083,10.7579168,"NH-83, Sikkal, Nagapattinam Sub-District, Nagapattinam, Tamil Nadu, 611108, IND",Tamil Nādu,Nagapattinam
79.8237497,10.8329168,"611002, IND",Tamil Nādu,Nagapattinam
79.8404164,10.6912502,"611111, IND",Tamil Nādu,Nagapattinam
79.6404164,12.2329168,"604302, IND",Tamil Nādu,Viluppuram
80.2237497,12.8162501,"4th Cross Street, Kazhipattur, Chennai, Kancheepuram, Tamil Nadu, 603103, IND",Tamil Nādu,Kancheepuram
80.2154164,12.8662501,"ST. Josephs College of Engineering, Semmencherry, Chennai, Kancheepuram, Tamil Nadu, 600119, IND",Tamil Nādu,Kancheepuram
80.232083,12.8662501,"600119, IND",Tamil Nādu,Kancheepuram
80.1987497,12.8079168,"603103, IND",Tamil Nādu,Kancheepuram
80.2237497,12.7912501,"603103, IND",Tamil Nādu,Kancheepuram
80.2237497,12.8662501,"Jeppiaar Engineering College, Semmencherry, Chennai, Kancheepuram, Tamil Nadu, 600119, IND",Tamil Nādu,Kancheepuram
80.207083,12.8912501,"600100, IND",Tamil Nādu,Kancheepuram
80.232083,12.9245835,"Simson Street, Okkiyam Thuraipakkam, Chennai, Kancheepuram, Tamil Nadu, 600097, IND",Tamil Nādu,Kancheepuram
79.9737497,12.6829168,"Sree Vetri Vinayagar Alayam, Chengalpattu, Tamil Nadu, 603001, IND",Tamil Nādu,Kancheepuram
80.1904164,12.7329168,"2nd Madam Street, Thiruporur, Chengalpattu, Tamil Nadu, 603110, IND",Tamil Nādu,Kancheepuram
80.182083,12.7162501,"M G R Street, Thiruporur, Chengalpattu, Tamil Nadu, 603110, IND",Tamil Nādu,Kancheepuram
80.1987497,12.6245835,"Mahabalipuram, Chengalpattu, Tamil Nadu, IND",Tamil Nādu,Kancheepuram
80.2404164,12.9329168,"3rd Cross Street, Okkiyam Thuraipakkam, Chennai, Kancheepuram, Tamil Nadu, 600097, IND",Tamil Nādu,Kancheepuram
80.2404164,12.8995835,"Kalaigar Karunanidi Road, Akkarai, Chennai, Kancheepuram, Tamil Nadu, 600119, IND",Tamil Nādu,Kancheepuram
80.1904164,12.6912501,"603110, IND",Tamil Nādu,Kancheepuram
79.982083,12.6912501,"603001, IND",Tamil Nādu,Kancheepuram
80.232083,12.8329168,"603103, IND",Tamil Nādu,Kancheepuram
80.2404164,12.8579168,"603112, IND",Tamil Nādu,Kancheepuram
77.732083,11.2995835,"638002, IND",Tamil Nādu,Erode
77.6987497,11.3995835,"638005, IND",Tamil Nādu,Erode
77.7487497,11.3495835,"638008, IND",Tamil Nādu,Erode
77.707083,11.3829168,"638005, IND",Tamil Nādu,Erode
77.6904164,11.3995835,"NH-544H, Suriyampalayam, Erode Sub-District, Erode, Tamil Nadu, 638316, IND",Tamil Nādu,Erode
76.9487497,10.8579168,"Velanthavalam Road, Coimbatore South Sub-District, Coimbatore, Tamil Nadu, 641032, IND",Tamil Nādu,Coimbatore
89.882083,25.6829168,"783131, IND",Assam,South Salmara-Mankachar
89.9737496,25.6245834,"783131, IND",Assam,South Salmara-Mankachar
89.9904163,25.6162501,"783131, IND",Assam,South Salmara-Mankachar
89.8654163,25.5329168,"783131, IND",Assam,South Salmara-Mankachar
89.932083,25.5995834,"783131, IND",Assam,South Salmara-Mankachar
89.4404163,26.6829168,"735217, IND",West Bengal,Alipurduar
89.5237496,26.4745834,"Alipurduar, West Bengal, IND",West Bengal,Alipurduar
86.8154163,22.6162501,"Shilda, Binpur-II, Jhargram, West Bengal, IND",West Bengal,Jhargram
87.007083,22.4412501,"721507, IND",West Bengal,Jhargram
79.7987497,12.8912501,"631561, IND",Tamil Nādu,Chengalputtu
79.782083,12.8829168,"631561, IND",Tamil Nādu,Chengalputtu
79.8487497,11.1245835,"609105, IND",Tamil Nādu,Mayiladuthurai
79.832083,11.2579168,"609113, IND",Tamil Nādu,Mayiladuthurai
79.8404164,11.0745835,"609301, IND",Tamil Nādu,Mayiladuthurai
79.7404164,11.1079168,"609309, IND",Tamil Nādu,Mayiladuthurai
79.757083,11.2495835,"609104, IND",Tamil Nādu,Mayiladuthurai
